{
  "generation": 39,
  "population_size": 50,
  "fitness": {
    "average": 0.14501859291357144,
    "maximum": 0.6869600856669376,
    "minimum": 0.0
  },
  "mass": {
    "average": 1.0255182042807285,
    "range": [
      0.9628616357041175,
      1.0462140446384813
    ]
  },
  "charge": {
    "average": 0.053292801334947584,
    "range": [
      0.025237120610223054,
      0.09616658239730179
    ]
  },
  "generation_range": [
    35,
    39
  ],
  "environment": {
    "temperature": 298.74418960941364,
    "resources": 0.43733338321784276
  }
}